order_id	review
3d374c9e46530bb5ed4a7648915306a6	5
658677c97b385a9be170737859d3511b	5
8e6bfb81e283fa7e4f11123a3fb894f1	5
9c214ac970e84273583ab523dfafd09b	5
a548910a1c6147796b98fdf73dbeba33	5
c31a859e34e3adac22f376954e19b39d	5
cdf9aa68e72324eeb25c7de974696ee2	5
e48aa0d2dcec3a2e87348811bcfdf22b	5
f9e4b658b201a9f2ecdecbb34bed034b	5
e51478e7e277a83743b6f9991dbfa3fb	5
ff1581e08b3011021e7c7de592ddc81e	5
ae168dfba236919411fe08f336fefa44	5
4fc44d78867142c627497b60a7e0228a	5
7c9956750739a47dba7a6928ba2f0245	5
79832b7cb59ac6f887088ffd686e1d5e	5
84cec4f65c7a4f2f54c294a30224a594	5
2ca73e2ff9e3a186ad1e1ffb9b1d9c10	5
68b3cbc68e4cd1fe19bec35f1d3bb7ee	5
cf73e2cb1f4a9480ed70c154da3d954a	5
8ba3f3a9292fbc22a8b7dff752bbcd37	5
677c865b89aa97e7dbeb4bfbb50bbcfd	5
04db86e3493b3724ac4bd3c9a397e23c	5
e029f708df3cc108b3264558771605c6	5
af32671d0b8ce510a94d9111d97371d3	5
e2e6ee1ed2d7f2f36b05d234983bd7a0	5
c186ebe3937470a2f562a2dc0bc74dd7	5
a6456e781cb962cc3f412b04de4fed7b	5
f3a9c397a2fa5a2366b4b96bc15737f6	5
1a36784e5c696071dad8a242f26b230f	5
b3271f5ebce80cbecb67c5b88487a44a	5
82c5edeff15e09a0460d292874766132	5
dfa48852c93427261c98fb2e01f33bea	5
9562b424b05978a493db2a5122ecab1f	5
14861b02076ed7da9471988265a0104b	5
d8e17cc85323061493b16b68a130bcff	5
3fb155b4897652f5cdf1b5efff32a465	5
4d483bf690ca21bdc005df9b623673c7	5
8a9424899aac432d80d8e580932b5ee9	5
603d76b730c972775ccf2a910bf23490	5
32638fbca8d1a197e649fd5138e12049	5
71960e6af960919256a958a3633e1040	5
36782087b0d4f8cd6daa340872006259	5
a3ba7fa5266d62188949da3d6ccc3884	5
b3dca2e199b13ddabab4ed77d79ee9f6	5
25362fbf6aac4b01a28dee1e076acc26	5
4b32a4cdfc1b80066a8ee3a4b7a2094f	5
5f8772295e1adb4e4832c988d6b631b6	5
0feb8ce954124d3e3d8338c573a9c523	5
5b2e79428198e5ce482f9ec1bd1014c3	5
491f193fc52075598871cfe6f19976d4	5
17b296b73ebefd6213299342b09f097f	5
97e11582eb8cdd7b83e35a4243d81f79	5
a9a75c64cb5e9f7bc92e68ec13f05c45	5
5abb6c1ea24afdc6e26076bfaa7539cb	5
9cd3b6a2b07667e425975a219b4fc382	5
72b9d86fe4e984d9879013b9ecbb25db	5
248907ae8054cb8e93d5aa44857779b4	5
4a7cf245701068d38d441791b735e4bd	5
2964eb001b521cc23017f1c007a6712b	5
46d2d651f006b9b9440d1aa37d89c894	5
a90b081d0efa436e072d5328ecd904a4	5
61665389f0cccf5ec8135e3b05efc714	5
41bc5a3d34a8e4ef91b2e7d9500694cf	5
828a705e0645673b538e803ca75a29b6	5
c676e726f8a14a9527b41b9dc50ca1bc	5
b4039fffc67d7a5a75a3ba881d75e402	5
7ed1923ef9c8ce180035acd26a2d8eae	5
6f0d22f1ac98ca3892d88dd39842fc3f	5
5bc4e94aef2841f392fb6fe7ceef69b6	5
83177602aad708cea549501386b021c6	5
9218ec94cd0d96e4c3e6b8c1504aa8dc	5
a14f7f38d99c7aba5db1566db11660a2	5
0193a99edc8c599aaa16f9b9e991efb8	5
f04e5abb2044dbb28bbdd9aa470e4e8a	5
1601df22ba2f78168443e6f729e74868	5
394dd790418f78501396d1a2912d74ff	5
bcaff5892a4def087ea5036d6b89b9db	5
2ec63bd84c4e873ee8bf8786f4942673	5
9d7ab082d6d8a4b069683e5a77db1261	5
77fc7da5ef4df2c48276ae832072dcf1	5
b98e145c0cd94f225072aa0e619d5d8f	5
36e05888e17fa68e55b13477d9b53d3e	5
5c973d2b4652e1dec15353b59339f3b4	5
36d5bd2a92fd8d42046d3fd105357dba	5
824ed066dde5116b8bcf4d75381e056d	5
cc3db854dd878770935397762ee0e1ce	5
3284a74080329a1d90714bf77280db30	5
2a3251c95a3d5c57ed230021faa588a0	5
54b73f808b0ff25da4276773c30ac269	5
f41ef35b2b93249c5239c5df242e8b28	5
3144812170fbb0c3b71bbd757609f605	5
c9645496b715730a1a5d07eb97a6bf6b	5
30eb68f1adec947261593a874308f991	5
7958f96c87dcc4edd752ef1a39e75cd9	5
0b8c6aefe987f59ab3cea15927aedc8e	5
0a187dd7f4efe70e8c3b6e3779b3b133	5
cf34fe44babb9fd001a001acfa43cabf	5
7fd8bee2cb90a93904966af3fa39ff3a	5
1c8898140458c37fbbf0be37d47193b9	5
b1b42afa1e73f34f90872f5f1ec48391	5
8883dd20e652369652c1abd7a411788f	5
cadd4c5765abf658117f2cc7e2a639c2	5
1e721ce42c736da389dc1e266e969acd	5
163dbb9a9e122705518ab2735e1c6008	5
3081ddf6e7c6afa4e4124e7882486fcd	5
4edd97a383a190e45e83c16cd6460d63	5
ed6de1d370dd47560f0d9c87c832b6fe	5
6925682cc441a2514cd15f7f17ece7b2	5
b8d7fee0274d75202bee63e9e71fec3f	5
5ac69d0f070172b49f4541b6dc1272c6	5
fc8c2e8bc069aea361c41c313464993c	5
15c8f741c0b7deafafea8af0f7bb6852	5
935f0d2ac8ce7ce29f5712d2637ddb33	5
0bcbcc3e0a09b3f6a9495de35f452616	5
75ad3bc2c20ac416220546b2268066dc	5
22613579f7d11cc59c4347526fc3c79e	5
fc850201b579f014488f1cca40aaa06d	5
e239d280236cdd3c40cb2c033f681d1c	5
02bd92abe094825e0683bacaacb64285	5
839b18549775e2e18c8af2ef891474a7	5
d451da9b109e1786f303924d04ed72a1	5
cd383d7a5f926abfe7b2ee1b80078b45	5
4709741e829775567b92abc42437b461	5
f729e44f11c7a06db2838b465e8dd090	5
a251664f5760915d29631e4ea0a6f66e	5
ff37040ee7efbb9709c2b4389c4c0fc4	5
1e94bea629f2a9ad149fc751e9880aab	5
352ad67deb8528562cff60c00dc6e99a	5
78008d03bd8ef7fcf1568728b316553c	5
22b1eef278d4416c1e867a55d1c39fea	5
23d80303690482f9b28107267da8dade	5
18956b40b774d6384c8539cd61784bd7	5
966d505c98ea667c11343331a5d67722	5
06ecfa8dfae87263e05d953aa561603d	5
b3e8f5b15b942cacd19dba17d7179867	5
3c8aa4e17d7d0b7a6b3c5f8ea6d36038	5
1a558554b7f10eba1ffdd56ce469df63	5
00b9e0f8f588d0406a3de447eb606970	5
268762d6a983092f8632e379836806eb	5
d9fb85f3f3239e18e331c9f622d6998b	5
496b982d1f2a1315fcbf81ae2fed02a4	5
dae4fcb62b78ccf2ff3ac4d49113a8f5	5
c87cf593c8c9e0e59f1039a2bb8e5d44	5
22c9adee57f279cc5b0741ddabc89e6b	5
e11c61aa2d539f826865ea728496f6d4	5
ace0c35b85db51d5c8dd029487bb9f34	5
1a2cff485ae2a17b68b6ccefb1ecdf93	5
c835e0746829dbae8bb92fb818ba654d	5
afb1e1ccaac288ec1ab9754e2e36cdaf	5
5899e054139c0623eb7e33c47f32b68a	5
f23c71439ab24ac853522e783dd7dec2	5
60c6581ec5ed9187370902a251501b8c	5
5e791294b4404ec12340f4c938c10cbb	5
4c93b283893b057fe314b13138f01119	5
1882b3d31fb4a660930adb0ba04e8680	5
50f39d306a35f31046305de54b1527ec	5
4de53bbf0a2a3bae777eb829a3145c9c	5
e5700a52207ef266413e9f43a7b0d5f6	5
9e988375e80989b9914b695cd57654cb	5
814525d9a609035835b96f52ca9047eb	5
f464bdc3b17c2085e54b66d8e5ae1695	5
796b04ac2c7b508683f6010238b991f1	5
da56c7c0b595c544c33fa7d3ea80de80	5
a7798126c7238a769777af04c3d19e71	5
1a1ef8dc595adbce0e5d75d806d69286	5
75b96a3b1a4aa70f1b20c1e86020cfd3	5
d66d818e0e5486b4382bdaad63390b53	5
fd146e195b9e3e00d02a5bf4208e043a	5
ff014de83d667807820e68d8ea975281	5
758c123811f3da2280246ba25f4938d1	5
8624ba83187b6280c6d8b7664a5f5607	5
ab8c4bf0204081a450dae1139f6eacb5	5
15a31c39dee81bc534abff1f9b5ec6c2	5
aa3ae718cc36bc728bd78c098dc84c24	5
16e38caa92e342c7780f68832f832d4d	5
a085154af3d68d11b256a6facc891a56	5
da532e87f26c130e0b3184bdd837982b	5
df8e5e994bcc820fcf403f9a875201e6	5
e0ffd1287f544946a6a6a2dca083e37f	5
e419e5015f43887f330150fd21ff60f6	5
ec6f5d9c57b5c2e41ba3ac018391ed7e	5
3431f838d49b42723b060fa367b3d294	5
c277dea251cfd74bf121060769a7135a	5
f506fd1443d94ad16f25a94426fb8805	5
2d8d686ea253f4d2cdfc519f2840fea3	5
1266cc122d380586b104c2f5380f1210	5
8458ad0c5a4b19319109dc629ac03c8f	5
f2be3946c5ae27518a65c37a05b914f9	5
aa834e164d26bde6b0890bb9e70fbf9d	5
729c445f5f350f88d5c9a3911d6e9bc0	5
38c0b09e36d478fb62769ec5701e0e92	5
f816e2d1a8c3f47837c88fc08ba39dce	5
fdf8f05467e28901dbd88f446effd6d9	5
9cb31e241f37e9115ca372ccb5973ece	5
f1eb378be592a06b8c3c6006b7d7102e	5
da6c1b5c9a1106ebca4a15148d062c0f	5
c99763ba8bcad2845131b6e9d2f203fc	5
5d1e5995e3ceddeeb9883bb9e449bd5f	5
6c21f6a1d56c99f439fe378d0ac026f2	5
169d7e0fd71d624d306f132acd791cbe	5
38fc895ea0a2aa253a46a6fdbb65aaf5	5
b630c986ea5c14749196132407a05589	5
323ebc5450e01beac5ad45e926ecf923	5
4172088f591c8a42cad3f5ee56f678c8	5
c52439e463e5cd80125600ab8ee93344	5
9d7f2c9f33008498700ffdc3162878fb	5
fd26702a3f7ee5d86580de591ff53e3f	5
65e58aacdb27163c49aeb7382b07efb3	5
988551bc1edc4b81a7e98af061a60228	5
5b7584c36737b6035bd68d79b4fbac54	5
2451b9756f310d4cff5c7987b393870d	5
fb1d2527c581c02fc24ea10dd0a0a012	5
2a02e0744a44c3062272575a439947e4	5
0a76ae785560c5882874b2738c60d958	5
a90caee2f02cc59cf28469ec71681116	5
a45ffe76ca47f57a1cdaf4d39b84c37d	5
134bf8fea9ec1583380780902cf0dc7c	5
644da50308e4b34f47ea4a9c82557863	5
c81d1d3f8deeded6af5d352021b5a188	5
e55094da7605b6e7fd370e4a4be7194d	5
eb3e838f029e2dd36256fecaeb49b999	5
9af977c382c0327169fc10939881b472	5
f1102aaed56d382cca01e04bec7b9910	5
d4f63c1e71dd7a25aaf45fd89286d760	5
0527142b56f235b4936a8573f33b020b	5
1db48820d18841e3330e5721352b9387	5
e907b53c6245de45677494c2348dc8cc	5
043f43899c67438005004d160d18f55c	5
426ae4dd4be2e6836ef89763d45f2149	5
db29d18874ddbb8ca9f062c7b801a4e6	5
6ce409ae9fc35c1c78c3190b660a23b4	5
6d87523e95d5670f7bbd10a46d5d70ab	5
92acf87839903a94aeca0e5040d99acb	5
1bfde5e32fa7b177c2c0f313c67ee333	5
ce136deab0b93414db6536909873e31b	5
604d751f2a7e1dbdc206eec36e4bcb81	5
fb085529373f03634a84fa2358deedcd	5
bea8e045e01a9594d652427ef4ae7236	5
7b5004a23c4918b7c96c9d0cfd6107b6	5
ada32b6f0cb6b0a58d13dc20a423f2fa	5
b00122d54463704c33f4768470c6db03	5
b70e6b353379423761497f0d95376da2	5
5420abaef4ca382f6916df704a0d54b0	5
adde6f841dc05dfe3899ed053001e5bc	5
6d2fbf76787b9f35b1f3c3835a8a6a01	5
a5286db4d5cd7fc8c7d997f24a7fe85a	5
cb9988b1ddad2cfaf954e9ce3fec266b	5
24b41566e32a4a737536859707517572	5
93e56c4866b1bca15316f565c387e573	5
b296bc0dc4e73e99c3f6196a1b97b9aa	5
c830f223aae08493ebecb52f29aa48ca	5
09744659d8e64274cf91bb288d9c3aec	5
d9aefa5d4ccd369c783f5121e069a470	5
9730a429f7355c2dcdbcfef54b638172	5
df14f6645d1232e2c0e88fd8566e0a87	5
7dd12269fb63d70af90a488dc5e90876	5
2c8ed3dca8e0a057095326257777dda2	5
9f96fbe1882a78b811357299fc5d6c8c	5
c0f3e5b46a6f8a899bb3a9de4afd5525	5
061295e635460bf36f1bb41bd54fd2d2	5
9dd961aa6268f666f626787499250308	5
bd5b7e9241d5281b1d7e865b489d6ddd	5
ffde92ba447b33a47d1c04d203f10f41	5
0a178d660889f4e9ef1087483fd6ce9d	5
bbabc62c81566b606962e10a6f96e9c0	5
4b219c12fdb241d6c04908f66f8133bd	5
c7112d33d777ec13eb958ee0dbff02b3	5
4b9d1bbbeed0481ecc124c66e355896f	5
8538cceabb941edabecc8ac62f6813c9	5
326498d34ca452ef02d49a1cc8069b1e	5
50ca437944c60d3b838ce51d74a464b8	5
b78daf077b6b98f10302642e4c657877	5
613664f2d7289e4a0898d9bfeb426db0	5
1da63677fa1ab2793e98f11327b5756a	5
7ddace81184c314bfaf0e0632b130f8f	5
e996c39018a2d8a9e46fbbbbb10ee3a7	5
7ec4063a8ed5b8e7ab1b7bdd7951ffa9	5
31282ee0054022835d9fcedb4efaee01	5
bf4224a194089b88ebdaeda0a49ca9ea	5
c589bcc1414f7d7d949f353b1d1a45d9	5
6649d935be7a1df58b2dc3754fb17379	5
c1ba0776bb79a0826691352f8d6ea4e0	5
049ede3fc839758e81752a9dacd1f911	5
359dfdef7cf4ed1003c2a0463eb431ba	5
d73bf025952ff50e52729bd60ba12f28	5
6b5c527f8d210097a9cfaddd7bf4ec94	5
828cb23d35630c92b140ab22ff23c485	5
b5c0376b6e5f1f85b97037f72d2424f3	5
d2a1c1e78726b6c25a324476d86f57ed	5
a9a6fd3ca2e803548ec0685c9261a4e2	5
a1ea75ae7c9c7bb3f5b51a9ee910de31	5
daece90b61801c766fe21e0922574566	5
2228de938a229c135ae3bd0bf71a128c	5
e6b1546a7ed77ba5ca2c2077aafd3c97	5
3d48d7055649a7d98f6a19f781314830	5
36a5f7874214018b33203105921b523a	5
b63d5080c2de46861754004d25ae9362	5
60ddc3cf31819e316702f9ede42e26c7	5
4a359800ff0688de3eabc92972987238	5
550a019d25590b5b3b6d31c0fd3edbbb	5
e2f6cc7f7084110fd5473cfdae918307	5
d41ac75d7d2093a499ca5d7252a3e3a0	5
bef6f136b891658b2b57851b5afb5c99	5
4cbf1cc60a2d1704a70e11ee8be1510a	5
384f8660f6bc7396d5a875b60285c2dd	5
9fec962af24505f0b989965945c1fc64	5
3d9d7644b996a0c8a0038a70c90830cb	5
f9dba21dfbb520ed911cebc91688195e	5
3b85cb67e49cb00b5c0a3d83592a1fc0	5
b4b03edd1ede75d36cd31b38d52bc9fb	5
17c765461652f9154943bd66875b0686	5
00b12f4674177ef40c4bdb034138c843	5
d05502e273bca7f1901d798c7d9fd403	5
a518b37b54f26e19044d8706b65e8133	5
2dc3f680b2788d38f7162482b575e41a	5
0bb77e62d791c3e5b009815ac19825be	5
0fc4514962014882225600c063477bd3	5
6f4719ee5e7d76f4a81d919ed3927f89	5
f1e294ff3cef22b5bf945d1720dceb9e	5
6672f82679e65c575e7d00564c1dd239	5
bf6a2df6b944199274254f8bb0159ec3	5
0016dfedd97fc2950e388d2971d718c7	5
6e7c58476aeeb4f0a2313cdd43477570	5
7dc5018fbc594b1ce9a945e6bcfc83c3	5
a45f5764071ee5b932d1f802e18bafcf	5
253acea42a5068757ac2cd3e49f8f13d	5
1a62fd2d470da1ce51e2d26cea9a44ff	5
b002315497c6c537b93652174c833488	5
67730eb2f9468b8c6eb20a45dd477bbd	5
9537e35e835d4ae6b7b219b8b2e36817	5
7beece85fb714c481300a516c9fb1ade	5
4b50640b1e15eabd0db5c82c7c1d8037	5
157ca6af9e09fbc0742ec25ceb3f0f67	5
dc20710a4582a12ed1eb1504bd916272	5
73bf036e9d518e060d6f766d816483cb	5
feac81be070a43ec0bd168b52fb03485	5
658882f50a73a92d5e716220da758ab0	5
0ad0006728103ff08cda112f7940bcd1	5
0aa9e8581362267ddb91df2f3a64f811	5
f1ebfc223dc0c69af08b4810a6a200ca	5
506feda6a5f5513b9d383bb59eb06674	5
4879204a6b45d7ba10b3d703ba460778	5
b26fad48211e9a54051ac561925ffa23	5
24b4c4cdd87c3e1f9b31b96ea5422f22	5
eeb1f86a9f9c08e3eb0bbb7186dccf60	5
886090ba53919a880e66ccba31eb74ee	5
8b12069891e5fff6b77a312c835e3904	5
f8718b67f7469531acea685ab46722a9	5
1d48ff4287c2ff4e757091486fa7c6d6	5
c5bdb2a2ef0973dbacf33ad45e0fd91f	5
d5c8ece04dd0b02a4e72e1938194dd22	5
6949db3c04a148477159a00e408f448b	5
2e175b759e9d426f83e9b55b6a0661b2	5
ab07b6c48672e9876b9f11c746d98d3e	5
0901941512e5bef7c9fb39452262234d	5
69ce5a9c71e938c852ea2142a90dddb7	5
4c0a4b63218c9a22187547fbfb338fc9	5
833aeeba583417aa644a7c311e6b5bd8	5
838eddbec488679c7db905429c5163f7	5
00f251b943aba645652c7138e4716fee	5
3952808713e11b033a67e9dddb6872f9	5
c77e3aa4caf8e752789d9b7ce1caf352	5
0ec1e92bb5190cb24b2b414151894032	5
c0412e955e8866bd36d56c196d1c9d82	5
a41bb2f937139613df86a333fdbaa7c9	5
2efef48118e6846607240cd8910e05d0	5
355c14cca8fef764ee4faa28db69342f	5
87c6169aae0c57897be7344931c2839e	5
1ddbde4b8d3dc88ae08a92c7ecf6c2f7	5
0cae0419c5938004fa8b8dba302552d1	5
7228268a5d9355b2f1a608f22c5bdd8a	5
b191ff55d8fb38b19dca4409b536f14c	5
b636037a882bd588f102f9f3fc29b2ca	5
c8190ec25152e9e725de81876f1b9125	5
e387920071d53124f3db7d7b1a42c257	5
ff2fa4d5d45e92668ba2af1a45bfbe03	5
3ce23ec58b30f84a32003c7bf535d14f	5
0ac484b631e29034fc50593451c208b2	5
bac1117353bfc077a092eb57e24419cc	5
74c7a458cadc2f76c4ec8354d32d0d9d	5
87cbf27ac970c7423f11157c2ef6ec26	5
59463b9c36d6a23c7c054114382f6d33	5
0ec7299d65db721d9a6b5c95c2ff494a	5
8192fd7211b9eac71752e6c23361a422	5
4a1c1edef82d76596ea0209327be3ff5	5
ef208a54d9b685d3a803b28bcfd72f3a	5
0fdcadc1ea2d7ca9f59b5085aad894ad	5
dcd9b00fff62919c208f9e424f8b2c13	5
aaefff6521e66b3e5c88bb2c93b9bc72	5
635607b37cf3b851396ef5a76be8b89f	5
ea6ff0ed3f74b7699b032447def50d75	5
ffa378a0d8e871367fbe51bdd9e12a1f	5
efe03a561138a005da4b1e37d1b2ef36	5
8821146ecf8a1eb441aa052b371f1814	5
a786e0a4cada3f2704a7c932bfc3ea21	5
2612f53ec86ea657525693697164701a	5
492b48333a37f2f70213b81672d4aa06	5
e87c331d21a3fb3085079a9b32f4a56c	5
a0f3677ac2cfd35a8d76f4a26fb29a95	5
18039c75b688e58760cca5b168b3b240	5
fe4ee6f5250415b2264eac9693949e2f	5
8307cd7e144f9c61c639d115ee673bd3	5
f0fb77580603e4f955c60d3fe023553f	5
4fcd41f1365d2b6852c34568499584b8	5
5982fca4536769e5024e12eb8b6f473c	5
5e7715473075848a1953230996ea3b3d	5
b8684227da189137e8ecfd39564f85e1	5
01b4dfef1c8848e8c0431ce17f5f72ea	5
1534abac962760cbb058568f7dffc105	5
fdc45e6c7555e6cb3cc0daca2557dbe1	5
c39345e6efbb71413c9fc98a3dc1a4c5	5
6e8e751584b3e3141e3e3c39f71408c2	5
b599b60a3fa09e7a4003eb264aa99a07	5
ebd89760480302a8f05581858df06406	5
ab6e1678559b60b6e6a7db4837d6664d	5
1cc2afbca351a1423aeb95bd67821271	5
290d464dc4d780ddcd120552cf21c640	5
f03883bef2ed1452c4de6bb070ab2717	5
3daeecbd44a76530c8e9d0ac1ea4f581	5
51ee9ef5d831b5f76f97d2819e7f94a9	5
93aa1607392862dacfb4b54774480f1d	5
23e3e258cb0914459e129f704d04733f	5
ac5daeb29c4fe812e7e48753b886f6f1	5
15564b81a39383f08dc90fa1fac055bf	5
25b9de6dcc528d881b77b8e6093a2a7c	5
0d16648e64dc322e5a49d8c912d2b61e	5
54822c94cce4ceb64eb08bbb05fa8fea	5
4f0ae5e0706a3e90f9f36d0f34fe60aa	5
8c3a0f92a654ef1a5062138245e23887	5
e9f195e6586d8b704b5bd727b1a2f5dc	5
1f4fe628fee06334b3c7f4a99233700c	5
9c9b9122cad8803b5a5373345e256d99	5
efd5eba320d140f8659440d74a81fc90	5
f43852197ba26a2152a47dcb6d17ffe3	5
96f236475cf9ab0ff0c202d36a84b311	5
4d4ef6cd8147028ffd8c18dc0f6e3050	5
55e5ec213742bae19f2e36685d3aa5e9	5
2002ea16e75277eaa0b5d78632048540	5
0af403b34dc11cd542ac6d94ad39aede	5
b022357c03da2d91ba22d886af2c83a5	5
884c8bf4713eff2d1830882d96a8f90e	5
997b3de75600d17962e4800bd2923d56	5
3d2919530aea3496b5773b143910145f	5
4212c4acae39b267aabc4696d873cbcf	5
d25068e796c4ee9a78ed71bccf4a6a56	5
9b1d0dd42862c68280468732a4399034	5
d455a8b19923a717a1d1cfb67604e8c6	5
ac9dfcb098b29edba5d0cbd3b4febefd	5
3eb7b3f39b5c39ce07dae0c4bfbf5dd0	5
b1b02423c1a2d067772f1f5ae08361ca	5
fc746d47c955d1db95910a81fb288e23	5
8b0d9469bcbdd6061d09db72ad2a1d22	5
96c1f803bd98812f30e0e72841822e3e	5
76af817018cd5fa5b739a3c2ba34ee70	5
aee1ebae09f6d91ca6a459bf47b14072	5
c00241b8d22988b4f305a817f47bee80	5
865632b4b7bd773e94d482105b596672	5
725bde8878fcc8a1baf2c8ceef40d726	5
bce7047b261dd5116e87384f4fe9afc1	5
4b5648d8399ea47a4c323499045aaefc	5
aee7414ea78fbc7601f88ecb530038aa	5
c52a603ac74efb60aefc2f0e79d3a432	5
4c1c077d67d0bdf88d4523a14781be05	5
4017df0a0c73564d88bd596e06e42c2d	5
de4090fd9b7900d46323b0c7c36b7128	5
97352341e218f0089a070b1be89f47bf	5
21dd600edd64e225d04af3670d1803b3	5
aa31e416f67318939922854f9af2b087	5
90ec7e058a164b8dccce02591de2f99a	5
24125310335475b73015f74ec4327c2a	5
aae6432b1c1a2deae58567621da9d957	5
2866ad7dcb3cfdab34405a82b8a77215	5
195aef69980a745473d3fa7be3523f58	5
2cbfb1f20f907bcb72718d2aee607df0	5
6bea4b3d238b2f7104807ff9f128f7e6	5
38d11c87fc409de31e930084abb0c7a4	5
04105b54650921ca3246f52e6f175f46	5
97df9530497023b31dd0654f5908e41b	5
5b0cb832563a9fc75605f9edea8fba22	5
1e36204fd8a2e695a35dd5e41cd392d8	5
5509f25fd68fac3fe49fc1a532ba33ef	5
adc253f1977c81c2c29dc7b9dd23d538	5
3139d2c500d282f1549eb3c6e7723985	5
07d60a76803db63f0ca6708011e8cf9b	5
c3c98f7bb3b28a9b25cf5a86e4472143	5
3f62abd470c4d6aecea1ef66a8b2d3f3	5
d8cbc79d1dd84f3c87cb2ca7663c930e	5
dc4e9e7d17fec4c4ded41724619a1b10	5
bc439ca267cd182244951ffe206f4feb	5
ac44d431499dd1f572a4dc7408581e7f	5
6a92e66b9d3bd75efeb50c6494ede745	5
c4421eb740558d775cda9f659561f4c0	5
0f45620a11a03ee4bdf8f0877f47ad28	5
ecfef517213c787b773d09056b717560	5
a7c15b0c36e82951ecee0ed6d850ebb0	5
0176a6846bcb3b0d3aa3116a9a768597	5
bd5c9d506fee7419ee3c669d0123a067	5
2c1ccd5d927cd108ebbdf62741bf5dc7	5
322ec06ec547885a70cc8a7d075ddf3a	5
723f4709e0dc0b2fc27c8d68792c2ba6	5
d97054c687bd818d4f7b78cda2eb4f01	5
7bcb99610f15bdb8d701787bf59f0c25	5
43cc99c0d748acfca2d0fdc297b3c719	5
14272800e054af4a7886796fd6b65593	5
97c03a7db982e3af99d766bac1aadc7f	5
573b5d93e53ee17f6d7276929890932c	5
1ca14127ecae7a3d413ed6b2f2447d44	5
6e28885b3b46ef6ae9dfa9209e1c8c48	5
d51bf6ce24909fbeee788f10c841a55b	5
b41c4ee949f1983669e38db1f364b73b	5
d12824c34f6e0552f57e8d8821242084	5
c1b87c671fed6c43d7d20e5142646cee	5
7906b62a235fb41f51deb33cda8c4d06	5
afde95a684781b6fa700b1e2fc79416c	5
f89c0e084b599b404715e19ea6c7d239	5
07a97e5f41dfa29925b661eee8e73c26	5
f5327a56946560898f7ddeb8a9ad57ae	5
2e509a0f39264c5e18d820911b16990e	5
724c7b9d5d226631f82c0c09a9f51685	5
3cf0c41fd2773c0890ece77fd53e071d	5
55d599a99424bf5a0293a84f8f65a13f	5
7f0cc9a8528cca2dc63cddba3940474f	5
d29601cbe18ae8190a14e560a413b890	5
35e41c28433f3cea03fb0cdf48cf0175	5
21717aa89515f9499d2c94578f7848f8	5
5f01dcad71ad545ba83a3bd4df58d6a1	5
2de2a81f489e7ac7cc08d8e49dbd6c13	5
465e367896219452ecc8d8dc02f61531	5
4426515e1fede07af676dc0c1caaa2d3	5
d7108e3ddf254c6b56ec41b3a4e0567e	5
8d39667dd1c683e4a8b9dc1f16d08cb9	5
0713f1dd3cdb0f62e71d9a1f01c2bc0b	5
5c87f97c103f08f9cd977b07384a3fd3	5
4c9147aeea82dddeeff09c3a170a4820	5
0121cfa7c946e6589f50d7012d3eb5eb	5
cde3f389a60c48bf85f49e8daf2144f9	5
8aa72d666c6f202feb55ccbeaa871ec5	5
f8a010ec857efd266611a51aceafa6f8	5
34245c681fa744fbba46cdafcd007135	5
eb22a3bed09014af3e8b797ca6261a9e	5
543dd9462e7d92ef58df34eea3ba7db5	5
61af446d4e7b09c62e2f43501be438f1	5
9d53eb1894b55d3730b9291fb6a8886f	5
5bb8d2fbca419676d395687e28f5263b	5
a0bb81fda7cf88b07f9a884c1be7ba64	5
0dc2734aeb43fcd6b5c4a6d6296f50c5	5
3f330c606a285a5bd1cf10b860dd6302	5
f0b47dadd5f372c41ae2cab6c72877da	5
53c76273765484d43a78ad7375d2298b	5
b4436efe3712c1bbce803adc1dc032d8	5
0a1bbcb7a1af6b58931664e147542a2d	5
6156a1c77273b737bbe1c1dc14c44112	5
bf61fe4ac0f160dc7067f5d0eb8e3bdb	5
4b887b761d172d69c3e9f5b51936d646	5
9f47e04f95b2bba1442d5bbf0611733e	5
0e5b8fedcf80d4264e236fc26e004068	5
41ec1c3e85fe3ec775c90dc99e697991	5
30f953550693db6ca376d49de5533bd1	5
c421ebe75a8bcaabd8540cfae6aa4a7f	5
de59016b99422f0bbd7e51a301bf2578	5
2a5243c1617fc7fbba213c4960700889	5
b52cc4919de82b4d696a4380d10804a3	5
4139faf4f621fe4b49e3e0d71bce665c	5
bd53eaf563a119c58bdf9a9d5b8cd012	5
b56499883923b712fb275ca6ee73bcbe	5
0666806082c797ed8410aadc2e08f286	5
6d6f16813fbb3448a034fc242a2603c6	5
43787011f63fb232ab281d68142f504f	5
62b913bcab921594dd1136fa97a7b627	5
bc8015ad7d68e2f870c4b6f319c88f0b	5
23976d6dc9224e9d1f9e38a7b6fb03df	5
328f1e996c8251549a0e319d7eaa0f31	5
c79bdf061e22288609201ec60deb42fb	5
d65342a5836898c61a3ca324c2226927	5
42274fe831e72c2936614e49ba46d9bc	5
3ccd24b53560c0fe294750d98a057584	5
3b42ad87f3292fab60e143988d332da1	5
9e7752c172e3994115a2cd609a18de29	5
1578453b93b542fbde0dd65c46a7dbf7	5
264deac888717a54971fa3109f6709e3	5
d3397f49eba129958cca1d4ed73dba9a	5
711246846695fa895c1776f0ddc30b20	5
501e09201e883a7018d34ba1a20e903b	5
da8a7bf7ae80c846ee09d610e58097e0	5
faabc69ee9f9b4e81c8a4504fdacdc50	5
206d3e28b582e9813ffbd58395f55e2e	5
e2b26705fd38f3b49b9d13f14717ac9c	5
4888eb67727162d62e275521e8d6bf41	5
1e041fe00fff13b851ee7e11516481fe	5
7ae08d7647a19235b8c81f7769a1714a	5
4d59391202a2a67c2e2fea6f349a67f5	5
9ab7e83865799ba29a85d51263a137cd	5
b6e5aa946acc4e29e7069510f28a0bce	5
e01023596310bc78e2726329569e3d21	5
8298e94c8a2989b7c343d2021ef17fb0	5
5040757d4e06a4be96d3827b860b4e7c	5
80446aee36e09ebf4cb79585f6c9ce61	5
93fe3d332271d38d6974bec644168f57	5
61e268eee1d131498001b6121895c5ee	5
c1ca2478a5335407d83a9fa4ff2363c5	5
fadc814c107804fcba00a30e1879b718	5
c942d232f05adc081f767f145dd8fa36	5
a0727c663f544d6618123c94c779f29b	5
50a58980b691ff7dee971df1e77476e6	5
46aed1a9166babaebbe7af749841b024	5
9322826079b5b7b78e112e63cb587022	5
f0b673967b0be0bfcc14490d3d1842a8	5
063de687a6d9389fb6f6934d19d447f8	5
6cc62a2c76cd0e02344dd2b2486178e2	5
790adedc3b5b66b16b14675e794382b3	5
32efd401773730f7d0d1c5ae2b841465	5
712c9e2527b759ff2e6cd24a05af51ca	5
fa1ce52b7f5e83c4473226c0a7ad131a	5
278e7730f7062014d198fbf20451b935	5
d1ec61b50c7780944fab32ad8b873c85	5
21c71f62d2554e1ad6c8ba9dc7af2c62	5
bdd388b78e095998453503c63b83e280	5
0cbd0d96e2c18087121c68e209f4e8a3	5
ad6aec326fc31e34aaa0ff7ab3788c43	5
ce7be36d78630d654873b810b8d354f4	5
158b852314d09859615960dedde796c3	5
be3522915c149522eb45df8854a71155	5
97552822029d7859e945e88913d3e814	5
51ea9bcaebefed721e498f8fb39c8911	5
e19a6a3393b0a8dec5b1117a0642252e	5
6b3badf7183e5f197eaba0dc24fb28f2	5
351a62fa8409254743dcf169fd1d9abd	5
1ab3bd545139c5b34144d589593b6755	5
de0fbaf67bf0e605797e7ec002340869	5
e8fba6b3bd2fa3e2e1d4b101fbd93b17	5
0a2798cd0ba9166659c07e35ef5eb817	5
e0ef63a06438a4f6dfa047fc41217f8e	5
8ad33f5d86f59bcd9ba668dc2f9eeb71	5
60649d0d9e4157baeb059b34cf7d9b42	5
48182f93c2c0bc28cb145431fa5bcc16	5
22a00704584f0604e80afe6b4ce031ad	5
4d5779c1406a8459afe82091e0dae935	5
4b2574ecd0e648e5360a7030c0ace020	5
4f0db42a25e38b5376a4e33b5cd42687	5
a0fb1c238c7bcff487ee3095d577be86	5
2c06e4f488be0af43964ad30b123034e	5
b1334405900ad1c02d3521d59b962c6a	5
0e457aee274ec7e2e18d25ab6d212921	5
a080255684c6772ec5153e1b847c9240	5
6ff0c72cd26c7ea730935abff483f2e8	5
d037016bf21257acf9413f8a2ee0fd09	5
dcec6d766a2bc76144372192c66bbe87	5
04210d64e3bdb5a0cd44eb156294991e	5
a923f706eeccdbdf02d5db99c8550c8d	5
74b9959056734d2fa68d5570ea482664	5
5112c764fa2925ae974ee7c77478a4cb	5
f861cd4fdb01ef5140e9a260279f0a26	5
f223b4044203732d8bf1a4456fb173f3	5
b7d87e06832b932da4cd4ae7dee2974f	5
d2f4bbcf8e2d36f9e13fba6a75c7269a	5
43f32db0dedd975e294e98ce23b24661	5
544f1ebc2ee31c6f923a4feba2e0677e	5
9a0b6a2c842e5a42bef91fa4c7dea9c4	5
1daedabfc80ee1a5cee98761da016d8b	5
8ace197d57084cf99d770809ef26dab7	5
c16b33b318036905a37290c0c735c522	5
195362ade532294f73fff8ff4f138c3f	5
628365400ec276cda9dbce783340e906	5
a558df35f2582dce7a0a683f618ea859	5
09914aa3bf0c742de9a4819692ec756b	5
08c6860a0281fefc591da60249d5fa76	5
a2c583649d96b6b15a0385d0ef630f33	5
3d3047f50d4d6bee7d15f08de007146a	5
0be098c4a208559b0e6c96c3254481a7	5
85f8ad45e067abd694b627859fa57453	5
fd61441ba2a7b57e6342862e779b10b0	5
98468461ec50580f3a212ef742cccbb3	5
a448db85a66067bc5873642489b25e42	5
3f596c69e8e78788530d898331118c7c	5
4703440eb9289d3769819920e98ec061	5
3127891eb38cfdbbe6d5603c658c1509	5
e58ed0440e44bc5b5e5cba33106e3f66	5
4540a046d78b66514285266847c73d3c	5
1aa3c5dc3d9668e8fa8a0af87a8dbe55	5
75d064d09b807b1fe4b662a0b7611f8b	5
5bab7c41f1405d62a214dc3648c37e1c	5
a86ad6bfca543eb89c02ccd35b2d4099	5
c96de30b1cc4ffc6c98494bdaf25d460	5
e6be529ac8d87744b406d4e03a8fe2be	5
44ee123dd806e5be0cd47203126e26c8	5
5d22221b90c2b5e609b04d8f026e79a4	5
6b4063646aa51aca70fd0c745ded2155	5
ec5c62e3694f59fb2e2694eeea5efd99	5
9ca8a98b31ed734b2db90fca420cda8e	5
7856517e7eaf2cff7a161cb290aa2741	5
fe1330694965e065fb84b10ad9d67dc2	5
7ec3006ab91bec3ac4ff2012d50fd8ee	5
85a525f63659815ea2974c9fdc1c85b9	5
47f05ae89d6bcb551be15cba2f14352f	5
9bf446986c317acc13f2ab30756f9b20	5
2d759f2f4fc0dc05845a71118b1870e1	5
5c3c60aeb481f5e8ca0598d6f3d6ab39	5
b170f1243a620b65504157b83f69a2e0	5
342eb2ed8a3ee22f8d57f5ebcc5a4878	5
112f6cd3047e7f158607233e26206398	5
d8fce10541af787a5946afd52056e8ec	5
33a3567a036169435a622361c5d3b79e	5
5685548b79358ab0ae555e21ef9cb4ea	5
42d0d6be3900c1f50190096f216695b1	5
5cdbffacc3b645aab7040623006efe52	5
6eeedb3e16d8072305be02562c253602	5
05290ddcf1e8fa2c773e1f37015cc56c	5
65a8517395a0f289d34b6e0a68b7ef7f	5
df14bdc601f10bff4d2757a9710be81f	5
07df21cf38c17b4fef05f15d23e3cce7	5
0f7477abc25a26f58ebc0d00d2a7cde5	5
ba8835e511232811df8fb4934a7fa6c5	5
34b1401adf2ab260c3adcf2c2be847dd	5
ff229c2bb720b61c11d51e0249799aba	5
64099350b7cbd1d6a7ac7786b990cb8b	5
8b2a3c0228399148a783f5ed8c1ce83b	5
b92fc3d1e14e2ff2051230fda1012db2	5
a6891e28ce17d3ec9391ae48c5a321d1	5
f39dca700fa8e7f2ccbdf7a9c7f8af1e	5
27ac4b49ad26b510e55da059e19b57a1	5
241a31d78d0e20975a8e070a4882505a	5
752b45c0651b32a09e039fa03504d3f0	5
90a8a33a0da9f54b68d65e99feb825bc	5
79bddd312603ec0241e3d42556c6bba4	5
68b9aa6b2c83d8c8567e4908fb35598d	5
0bfa8870838091fe8171ed69f6b89fee	5
7df4a1e4f63494920c5e53da93a08183	5
adf36df4c22d10f6df56aa465a4cd301	5
95160939719ddfef2f951cc36e468567	5
6eb1728e88c8db6cd1846dc95eb80572	5
74c5848d6368e4e8e59e65c68c681a4d	5
c6a4e191a2e0e802fd5006378e6b47bb	5
61ea97d56d5149277b28083dd851754f	5
f44845a8eeec9bf829093ad92c846c09	5
3830e6067665c6a4bf2cc393fae31996	5
04df14e9618f3ad47f7b1e353b0b9c50	5
0c69307b707522f4bf7267c44d06e182	5
674d4392ff644f0fba9c04e010843951	5
0dad6beca7ed0e352668498c29089900	5
02de39953ce1cf1f7c6d46aac400ee82	5
1a1b532e9fc48a702923b8ef014735e9	5
6d234dea658ce0c00f91e931cb11f93c	5
112b993827414a482ef6534e251fad3a	5
a6c5f5ee344a95643f3dae437286ed87	5
6f7e43972ed0a7fdbf29edf7cde6d2ad	5
1e09b85a1e6ef1c95b4c08e874ef7ff0	5
7b3f806a3a00dc7b0c3ab0dd548842ee	5
2d90cc4980f319e8c0606c44654c9491	5
88355d23a2bdd3a707ab181aef5411e8	5
8d31389fe53e1e3d5a914946f5549e7d	5
ab589d1a6095c7f435a62f503146e1cf	5
dd6080fd238b70c9ebb44a038b77c410	5
32480f4d114e9973ef4fbd57631274f9	5
022d47e6dd2e127493b8f51c8408078c	5
7983542b1539fd0eb5c18d062ee04e34	5
0700ebb6d2f93a025b6ba09074cb57c2	5
c6545a889bb2c26ba1f237d5d67b4908	5
fce3db7092e1f432d0ec790414b6a5e4	5
eac4ffbe456464bdc3ce5f001b6439c5	5
6f3bcb56b24abe9303122deb9ab78295	5
b7d6888a6d024b1e676d3156e53defb8	5
d16ee8324145ff91c54bb7edeb651801	5
96c284fea37bf65abad9c4c8847a869c	5
b6f781aae89e5d40f9cfa52fb427416e	5
eaaf4c10be63cb2ea3e02a7512d4d397	5
2bc23fea2d23b5e157fea231d05ccc28	5
dfe489c4a4bbe366cd2217b8503d206b	5
d836abb4444d8594455e9766104e958c	5
5e0140671ad91ce830fb2b33a3210d1b	5
cfe2129968372224ea392ad47c0d5b02	5
de810c5a4d708e92e61170e20a7dc100	5
7881c057cc4903a556196d4ce3a0a9c4	5
d64ce66e16fb6779823181c074822d99	5
a8aa2cd070eeac7e4368cae3d8222e2b	5
7c1336779536fdd545a35df012e0ed5e	5
470ae997eff151effb3503add146880b	5
427985079f72032e3d53ac33888b88e7	5
51119a98965b7d1f2fee96f39ad86695	5
9819219d69f9de4d4bb3180daf2edda5	5
ebd33d4995d183ba4c6ed1e273816aa7	5
d1437fcc5adf19257e6e1bb890b6c94d	5
255027f86805cf2b3bb4e4982f0f236f	5
d527c6337841d7474102cbb7396891de	5
f3b19f3b47994184f1b86c4d33f4d279	5
8bab0782e1f2a9fdc338a883c124f75b	5
55af89bd3634844abc96b00c4caa76a5	5
c1e01caa64164c2b4c54633ef42d032b	5
647cd1d569c405ed9c09cbd6cf0813f9	5
d39744d1dd7bf8e54f25f8e3aa47bcf3	5
c6f2bb89d71562fe3ce462309140cb5e	5
73d180818896fc261f4c0939225b536b	5
b01daae956b23211a3dd59e8c287ca32	5
a147b97f47abbdb02f67ea00da442cd8	5
e7d112a19f81eb693360bd433f03625f	5
829f9def41c63a3e1d787ae15d45540c	5
ccdf8513301e655dfe3d56c014952cd4	5
36a654dce46c360c165a2c3e8f54a42a	5
a92da206ef6383c3faea2be21c673e5d	5
dbeb01520fa5b47df830feb1a9a1ac95	5
d09d9dcfc60768eca86d23524469aaac	5
b950746ff8453f54ce5e11384e854e80	5
a5406e921aa2f3d19c33ab88c936f426	5
065b60cb1eb8ac3e010b81d60ab6a5a7	5
5cd1e199b5a1a3c27407766b2788851c	5
698718954b64ad9f11e9ef210e72d100	5
201af9cf2734e443cdf1ad037eed3639	5
fedc85bb24209961b595782f2c259c4a	5
4fb3509d3efabb076843cd252a3e5562	5
d5cda33c87a415a696188f2f71799fe0	5
5312f3d56a531aaf51a7b9b3e38905cf	5
cc6adfff0d6a6796585ca1d0901f0ea1	5
522cbbbed021f59b773323ed5039ceee	5
b14878ee970d09943d562f30749318ae	5
37267e648017fb381fd8e43ac35fabb9	5
94cab359d45ddd582953e6e793a9724c	5
7de82f23620bd64b59c175c554191182	5
0257956857cf61994611a0a19f4bc247	5
bc76bb0ff492abd2cfc722349f3d62a2	5
e8706a02ef9dacebd83ba8d93225d0f3	5
2f921a8c1d6f7937df5c7fb0468f6f07	5
a2a7169e4204a769d0c0f85581e7f139	5
20c50b79ccf3492546de6ef891c03ebd	5
7c405ba2f3b8dd2c78b2bc4b002def54	5
cb9419b2db4cc2797c93a4d4cb27eafc	5
79bcc8051d22d7df6b06a2043627ff5a	5
17fcc69aad66a8975f5e3e7c4e5928ec	5
2c9bc10b715272770d51948b929485f7	5
539f8cabdc5c85e2f451197749a96753	5
c5c6c23c10d2df268fd5cd8c107ba622	5
061aa244b31dd240e079ad7a7ce3f32f	5
f82746601c1969d00d63e14a786f322d	5
b980d737d846b36f807b28e40796003a	5
fcdc0725071f9d22fbb097c56f249f97	5
975762e8331635cb22c551ef99427867	5
38db3f25d229356a18d8edf5a7bb4227	5
80622ac34e41723343e7dad62702672e	5
1b181325fc6ea91c3d0397695f84aa63	5
48f3a0cfae19477fb7c023ef6e092dd1	5
4b69646ae09c307e88da19eb05ee2aeb	5
71bd2b49a4e92c385e1c668b56aea592	5
9079f0a7009de87ec70254bdf060369f	5
c1631d116303f21075fc2d55b4c6e7b0	5
c83f1117bc97d473fec6e5d6ff5dce92	5
0cfb04a3e59f3ce319891d208135885b	5
99b1cf2d12de43d084557a08d0c448e4	5
6d11b63bff141da41acde57e8145fa31	5
c4bc2a01f871554711dadb82537413f2	5
c5585ae33ee215aeee0d7f9aaec67cde	5
6782d250639c09c7c4e49e3cf17828a2	5
5727f102c85ddd314cc3158d4e044e94	5
413158eae01863d8624661dc2aafcfce	5
de12067bfa331f0c8cd1df23a0106128	5
74cf1b092d51c72a195a392662615069	5
2cb2f557ab7119a8f1e9e00b7bf75547	5
c56bdcd0ef1249dcc18901b491b1b976	5
ccaf9bc3712aea66d07acdbea64e069a	5
6dd9fde79655c47ea76ff66779c0ee93	5
47ccd65ae7dab553c7a8c779fe2cdea5	5
62c57504fe094246c5feb3cbc8692aab	5
342b802870cffb4cca6f8b612e121300	5
6f9163af10d76144f7f5c4e1e500f417	5
64ba7f5f2b493323d5dae1634f812cb5	5
f6c9fe3ff737f5568e352b5b2afcf112	5
8ba70ffa9e502e40f33a3f9f59d739d5	5
4c46ed4ad9c8faf7543b2f9f6598b607	5
03e53afdd1e98f83636c3fd14562c7ab	5
30c6a9aa866d68119430c9679d22690c	5
405681d4d6342114f04f4e25f4d90068	5
5a4d230b7d52ada193b2d49bb339374c	5
e2eefd0600a39b014ea34b3f4196d261	5
6a6c30136e870dc8e8338fbb826ee41e	5
5798e78e71a22ca63000082377a15073	5
e7bf5b3305b73ad31a0306f433c8dd84	5
22561cc73693742c65f9e31bd0e8df08	5
fccfc993172f9dcf96a728c266a98dad	5
637143b11a1b8c86d9e349f19ee9a1f5	5
e4c509134655c5ab30ba6d298fc5d216	5
ad267363f417fe1945d534f8df659562	5
66c3589804f5f5a67eb867cd5717a537	5
6d968ecddfdc64031edb07f29ab012b7	5
1ecfa320a6763da8b71ad1fbd4df6550	5
b6ee8fd94e6974591db72e75b17b2170	5
ce101239d4d3c22d02503fc803c73be6	5
04b2afb6447774881079872788d97883	5
8fde182213914d24ed0bb9d4b02371a0	5
74bdc516d1c6a8e16cd1a546ea067c26	5
b1997cc3c923edc41f7077c64c6309be	5
6e1ea408fa8ccf55cee9c6707e5584bf	5
08fc1aa23fef732befd3559729544a6a	5
6fb6e809fba02aa50058be7a0e3ad532	5
734fd23f82c457088580cf5a8c9da909	5
ed9ffbb3fee532270f819cae7e6a87eb	5
d14460d3fa8f54b8f0f7befd11820202	5
70d9761fe23def5bb4a068aaeafd7e82	5
627bcc1ede93534cd39bf82a8357f0a8	5
bdb52fcc684d212ff85ba88d4acc3b7b	5
bc4a35f20466a9b911b3b0847021e30f	5
7ed12a1423ed9b6c596c5e0e2f92dadc	5
68a9fce416cc56ce2950c32b7e70138e	5
44150e408d0bd0a5341db3e4f11a98d8	5
8df707012e98bba020753efdaca3fef4	5
364ea3582bbe134bec58a6e192aa6390	5
1ea3e66a79abe98744817178ba99da82	5
2c35215a3c576f6e51d0012fb4a8cb3b	5
08a8e10798c6955302701d17eb84fdc0	5
39ce2a3fc7950d2767dd4b01eb49ea6b	5
d6f2b22f3f3a929ba65545667610d26e	5
7877dbdb45b5fe2dcaa08551f96048a3	5
a110dc76d143226dd697dedf9f513f14	5
9e0c2694cab5339938c2899355feef83	5
b9ce6b3fb6996bc5690ee196a0c80888	5
5200457b47c6543e5756c85ab87b4f2f	5
e54709b9ea953fc92e1964e0772eecae	5
ba4784ebeeb6afef6125ba505dcc4f76	5
6c30e2815eb0730bf19b705661fc46e6	5
e4e3babab4d0f208cb6963df2458709d	5
8adb87b0bb81da96d28e6cfaa033a40d	5
99e5f0c685ca94e5a1c7134b1898bb1a	5
5b771e035096a0cb850e90ee9f28f8b5	5
6f6d300a348d527dbd7f0ae9cb12aa86	5
10251ca016384afb8d4954da5fb3b419	5
24040b0114230e6113ea96d0161ff4a9	5
3ad2e13d56e3d1d5078077f694885efd	5
8add64b3a0b9b64eba32b4274ca5fb8a	5
58ac90861e40974e190198a79144f7d0	5
8a16ff3cd34e92ae56b0bdcb66dc56e3	5
05ddf4cc62efcc6f34b8c693eaa2db01	5
d120a708fb38c8232ca1d0ca112731c5	5
ebb5a074406776ad07439bc2049c1fe4	5
b5bdf19b8bbc9d7daf5eb8f087a8895e	5
3a22a67fdde9c599b722069b9725a709	5
2daee070f2042c8b7a8e9fdde778a31a	5
dbf30005e577a1120ad6ee6630cd8720	5
11b2c36a481a4272681684f4b09ffabe	5
5e002a958f5d0bd67227e52e2de7b450	5
d28adc2e98b0adf1d9f65347488600e7	5
9a2d9a86d4a7dd97171191815ece139e	5
bbbc78f0d6afd4eb216b5760d0502070	5
ba227a95d8ae1abc30bda3c6c5c08c1a	5
b948b354fbf88e12e43fc0877623eef9	5
a406f3654d0144e1d742f8e7d6b30060	5
1a65d6928b5ee7a7afb52dad3ccdf11c	5
e995d882ff7b28ef28cd7e87737fccec	5
352624ca0ead1f999686becd48b614c8	5
7752cfbc93594ff73fd8b59c616c4be7	5
15bed8e2fec7fdbadb186b57c46c92f2	5
54b7ba0e3a2e8a0f9f68011432a52575	5
c3ae28dee41a7607da8e659abe468564	5
eb89fab6743f52417dec1e885261e10a	5
f625767e8c7655c497c96abfbc1d7771	5
6363b59d2e7f542672e0f11910c0c708	5
28f9563bda992bf8aaefc7310e12b44c	5
4b594c50ed0279e3677e9580c4cfcfdb	5
75769af508ae5e105845b3b4813fa07a	5
5f476a80b69ebf2744c36c282812abd5	5
8e7067b0751f4e22d4e31728a9a8323e	5
dda50b827d23598558e8d9df7a56c3e7	5
e29cb1f5fe7801584de0f49a7423dc2c	5
c73a56b991707be0c940896c7b7dd98c	5
efadf4336d9cb2a9d13f4472921bef2a	5
ae0a032bd44efed5c2be566ef162d694	5
711448d92de73f19d31cda282f5c0f7a	5
59b598f25ce5991f7526c8ff8fc76601	5
505c74a8514300103db4767c595fd85a	5
fd87f26f55d7a60ee6f71530b416e808	5
897f61323b0f93ac1775c22e91889758	5
b2b345cd2633deaf2b69c3b5c5585afa	5
36b7b9c89099230dbecdcde16e84c1cd	5
dea4092d49f4c8bf9decabdbf029322f	5
34c109afdbe68c271dced774877af8f3	5
3d422fc6d6750bc646e96641823be1e8	5
a0d3b62390e72dcfd8fc6b29c1af0061	5
a88f591ce78a76e91c1a9f91eca4fe24	5
383ba1470e3ace2021f232303b6d4097	5
2ccc4ef33a6274500f8eb7b10c5f4b39	5
3e99c48e3a2093f5d222df8f00b5a6f1	5
bc546e284ba8c6c9895808284985b24a	5
a3a81e0b3771258744b5002e1ab03ee6	5
c9e7e5db848d9887106af64ce027ff75	5
4b12f358f41e11521989fd788736079b	5
5bfad1932352fcd447ddb67c215b5552	5
1323c3d7f54506c2aeab7f1ce9668caa	5
2967dd0a1c9da54fdadadb4fee06deaf	5
5b622911c1ded56d1c2795034bf78d3e	5
ce8a175fec5e5e484e84b2c15cc91787	5
e1d7029dd87b15c8d1a60ad6aabc39ce	5
2b72e9015af390303d5d89ae0fd64673	5
1b59079c85d79705ec843165565ddd43	5
a6b4e78fd33ff998a908e7251bb769d1	5
5410087995e1ebb53c26ce8e52ff29e0	5
d288a830bb769fc15a7a29edf445e1e5	5
7d0ed38550fa692c0dff9a4d0eddb8e7	5
dfb37d2ceed290c718d7778273ba8b4a	5
800d19e2eed430cbd8e9bcb12087794b	5
3ffadf14829f9c35c258e08bb1982a70	5
b278e32520c84b90579da72688800ff6	5
85786ed6b45d6b5897d8040879e0a899	5
16f4a05a36f470dbed1f1c2ca6e2a616	5
c111660003fe3dd242a376599653b22a	5
7e8fd0c601d51838d063e75482cbad9c	5
